_id,ltable_id,rtable_id,ltable_Name,ltable_Author,ltable_ISBN10,rtable_Name,rtable_Author,rtable_ISBN10,gold_labels
47,719,10,"Is It Wrong to Try to Pick Up Girls in a Dungeon?, Vol. 11 (light novel) (Is It Wrong to Pick Up Girls in a Dungeon?) Paperback – April 24, 2018",Fujino Omori,031644247X,Is It Wrong to Try to Pick Up Girls in a Dungeon? on the Side 4,Fujino Omori,316318221,0
48,866,10,"Is It Wrong to Try to Pick Up Girls in a Dungeon? On the Side: Sword Oratoria, Vol. 5 (light novel) Paperback – February 27, 2018",Fujino Omori,031644250X,Is It Wrong to Try to Pick Up Girls in a Dungeon? on the Side 4,Fujino Omori,316318221,0
162,849,24,"A is for Alibi (Kinsey Millhone Alphabet Mysteries, No. 1) Paperback – September 30, 2008",Sue Grafton,312353812,"""A"" Is for Alibi: A Kinsey Millhone Mystery",Sue Grafton,2353814,1
165,455,27,"The Cold Dish: A Longmire Mystery Paperback – May 30, 2012",Craig Johnson,143123173,Death Without Company : A Longmire Mystery,Craig Johnson,3124817,0
169,1191,27,"Depth of Winter: A Longmire Mystery Hardcover – September 4, 2018",Craig Johnson,525522476,Death Without Company : A Longmire Mystery,Craig Johnson,3124817,0
176,1758,27,"As the Crow Flies: A Longmire Mystery Paperback – May 28, 2013",Craig Johnson,143123297,Death Without Company : A Longmire Mystery,Craig Johnson,3124817,0
196,1031,28,"The Hard Way (Jack Reacher) Mass Market Paperback – May 19, 2009",Lee Child,440246008,Gone Tomorrow: (Jack Reacher 13) (Audio CD),"Child, Lee, Shale, Kerry",184657160X,0
198,1062,28,"Lee Child Jack Reacher Books 1-3 Mass Market Paperback – November 6, 2012",Lee Child,515154113,Gone Tomorrow: (Jack Reacher 13) (Audio CD),"Child, Lee, Shale, Kerry",184657160X,0
208,437,31,"The Fellowship of the Ring: Being the First Part of The Lord of the Rings Paperback – September 18, 2012",J.R.R. Tolkien,547928211,The Lord of the Rings : 50th Anniversary Edition,J.R.R. Tolkien,851765X,0
223,2090,33,"The Family Business 3: A Family Business Novel Mass Market Paperback – September 26, 2017",Carl Weber,1622865707,GRAND OPENING 2: A FAMILY BUSINESS NOVEL -- AA,"WEBER, CARL",1622866045,0
437,333,66,"The Western Star: A Longmire Mystery Hardcover – September 5, 2017",Craig Johnson,525426957,The Walt Longmire Mystery Series Boxed Set Volumes 1-4,Craig Johnson,7508775,0
587,1582,84,The Lands of Ice and Fire (A Game of Thrones): Maps from King's Landing to Across the Narrow Sea,George R. R. Martin,345538544,A Game of Thrones,"Martin, George R. R.",3103540,0
674,1840,94,"Hope to Die (Alex Cross) Mass Market Paperback – September 29, 2015",James Patterson,1455515833,HOPE TO DIE,James Patterson,5515838,1
792,118,106,"The Skaar Invasion (The Fall of Shannara) Hardcover – June 19, 2018",Terry Brooks,553391518,The Sword of Shannara,"Brooks, Terry",5314254,0
802,1613,109,"An Echo of Things to Come (The Licanius Trilogy) Hardcover – August 22, 2017",James Islington,316274119,An Echo of Things to Come,James Islington,316274119,1
856,1813,116,"One Year After: A John Matherson Novel Mass Market Paperback – June 28, 2016",William R. Forstchen,765376717,ONE SECOND AFTER,William R. Forstchen,5356865,0
1020,1700,143,"Rule of Two (Star Wars: Darth Bane, Book 2) Mass Market Paperback – October 28, 2008",Drew Karpyshyn,345477499,Star Wars: Darth Bane: Dynasty of Evil,"Karpyshyn, Drew",345511573,0
1030,2809,146,"Me Before You and After You Boxed Set Paperback – October 25, 2016",Jojo Moyes,143131001,After You : A Novel,Jojo Moyes,3108863,0
1157,90,172,"The 17th Suspect (Women's Murder Club) Hardcover – April 30, 2018",James Patterson,316274046,10th Anniversary: (Women's Murder Club 10) (Paperback),"Patterson, James",99525372,0
1173,1251,172,"Murder Beyond the Grave (James Patterson's Murder Is Forever) Paperback – February 6, 2018",James Patterson,1538744821,10th Anniversary: (Women's Murder Club 10) (Paperback),"Patterson, James",99525372,0
1188,2209,172,"2nd Chance (Women's Murder Club) Paperback – May 20, 2005",James Patterson,446696633,10th Anniversary: (Women's Murder Club 10) (Paperback),"Patterson, James",99525372,0
1426,123,196,"The Outlandish Companion (Revised and Updated): Companion to Outlander, Dragonfly in Amber, Voyager, and Drums of Autumn Hardcover – March 31, 2015",Diana Gabaldon,1101887273,Dragonfly in Amber (Outlander Volume 2) (Mass Market Paperback),Diana Gabaldon,215623,0
1487,1700,203,"Rule of Two (Star Wars: Darth Bane, Book 2) Mass Market Paperback – October 28, 2008",Drew Karpyshyn,345477499,Darth Bane,"Karpyshyn, Drew",5477494,0
1604,2948,217,"Anna Karenina Paperback – Deckle Edge, May 31, 2004",Leo Tolstoy,143035002,Anna Karenina,Leo Tolstoy,014119961X,0
1793,2181,238,"Is It Wrong to Try to Pick Up Girls in a Dungeon?, Vol. 2 - light novel (Is It Wrong to Pick Up Girls in a Dungeon?) Paperback – April 21, 2015",Fujino Omori,316340146,Is It Wrong to Try to Pick Up Girls in a Dungeon? On the Side Sword Oratoria 1,Fujino Omori,6315332,0
1844,758,252,"Tricky Twenty-Two: A Stephanie Plum Novel Mass Market Paperback – November 8, 2016",Janet Evanovich,345542975,Hardcore Twenty-Four : A Stephanie Plum Novel,"Evanovich, Janet",399179194,0
1852,2289,252,"Three to Get Deadly (Stephanie Plum, No. 3) (Stephanie Plum Novels) Mass Market Paperback – July 15, 1998",Janet Evanovich,312966091,Hardcore Twenty-Four : A Stephanie Plum Novel,"Evanovich, Janet",399179194,0
1856,2726,252,"Notorious Nineteen: A Stephanie Plum Novel Mass Market Paperback – November 19, 2013",Janet Evanovich,345527763,Hardcore Twenty-Four : A Stephanie Plum Novel,"Evanovich, Janet",399179194,0
1923,1168,265,"Beyond Reason (The Texas Trilogy) Mass Market Paperback – May 30, 2017",Kat Martin,1420143158,BEYOND REASON,MARTIN KAT,143156,1
2061,3156,278,"Heir to the Empire (Star Wars: The Thrawn Trilogy, Vol. 1) Mass Market Paperback – May 1, 1992",Timothy Zahn,553296124,Heir to the Empire,"Zahn, Timothy",3296129,1
2172,42,298,"Red Sparrow: A Novel (The Red Sparrow Trilogy) Mass Market Paperback – February 20, 2018",Jason Matthews,1501168916,Red Sparrow,Jason Matthews,1501171577,1
2243,1514,305,"The Lost Plot (The Invisible Library Novel) Paperback – January 9, 2018",Genevieve Cogman,039958742X,The Lost Plot,Genevieve Cogman,039958742X,1
2358,3134,324,"A Trick of the Light (Chief Inspector Gamache, Book 7) (Chief Inspector Gamache Novel) Paperback – July 3, 2012",Louise Penny,1250007348,How the Light Gets in: A Chief Inspector Gamache Novel,Louise Penny,47274,0
2371,2839,328,"My Kind of Forever (The Beaumont Series) (Volume 1) Paperback – August 26, 2015",Heidi McLaughlin,990678849,My Kind of Forever,"McLaughlin, Heidi",990678849,1
2373,342,329,"The Expanse Boxed Set: Leviathan Wakes, Caliban's War and Abaddon's Gate Paperback – November 3, 2015",James S. A. Corey,316311294,Caliban's War,James S. A. Corey,6129069,0
2431,313,332,"Golden Son: Book 2 of the Red Rising Saga (Red Rising Series) Paperback – July 7, 2015",Pierce Brown,345539834,Golden Son,"Brown, Pierce",4139190,1
2454,842,336,"That Hideous Strength (Space Trilogy, Book 3) Paperback – May 13, 2003",C.S. Lewis,743234928,That Hideous Strength: A Modern Fairy-Tale for Grown-Ups,C.S. Lewis,3234921,1
2485,2726,339,"Notorious Nineteen: A Stephanie Plum Novel Mass Market Paperback – November 19, 2013",Janet Evanovich,345527763,Notorious Nineteen,Janet Evanovich,552776X,1
2505,3129,341,"Beren and Lúthien Hardcover – June 1, 2017",J.R.R. Tolkien,1328791823,Beren and Lúthien,J.R.R. Tolkien,8791826,1
2543,619,347,"Fifty Shades Darker Paperback – April 17, 2012",E. L. James,345803493,"Fifty Shades Trilogy: Fifty Shades of Grey, Fifty Shades Darker, Fifty Shades Freed 3-Volume Boxed Set","JAMES, E L",,0
2771,602,372,"Children of Dune (Dune Chronicles, Book Three) Mass Market Paperback – May 15, 1987",Frank Herbert,441104029,God Emperor of Dune,"Herbert, Frank",129467X,0
2781,180,374,"The Color of Magic (Discworld) Mass Market Paperback – January 29, 2013",Terry Pratchett,62225677,The Color of Magic,"Pratchett, Terry",2225675,1
2844,2425,385,"A Walk to Remember Paperback – September 1, 2004",Nicholas Sparks,446693804,WALK TO REMEMBER,Nicholas Sparks,6608954,0
2853,2594,386,"Montana Heat: Tempted by Love Mass Market Paperback – August 28, 2018",Jennifer Ryan,62645293,MONTANA HEAT: TRUE TO YOU,"RYAN, JENNIFER",,0
2870,921,389,"The Drums of Autumn Mass Market Paperback – November 10, 1997",Diana Gabaldon,044022425X,A Breath of Snow and Ashes (Outlander Volume 6) (Mass Market Paperback),Diana Gabaldon,225804,0
2874,1418,389,"Voyager: A Novel (Outlander) Mass Market Paperback – October 1, 1994",Diana Gabaldon,440217563,A Breath of Snow and Ashes (Outlander Volume 6) (Mass Market Paperback),Diana Gabaldon,225804,0
2888,871,390,"The Dragon Reborn (The Wheel of Time, Book 3) Mass Market Paperback – October 15, 1992",Robert Jordan,812513711,The Dragon Reborn,Robert Jordan,1593975317,1
2891,3130,390,"The Wheel of Time, Boxed Set I, Books 1-3: The Eye of the World, The Great Hunt, The Dragon Reborn Mass Market Paperback – Box set, October 27, 2005",Robert Jordan,812538366,The Dragon Reborn,Robert Jordan,1593975317,0
3013,93,408,"The Dark Tower VI: Song of Susannah (The Dark Tower, Book 6) Mass Market Paperback – May 23, 2006",Stephen King,1416521496,The Dark Tower V : The Wolves of the Calla,Stephen King,141651693X,0
3025,557,408,"The Dark Tower 8-Book Boxed Set Paperback – December 6, 2016",Stephen King,1501163566,The Dark Tower V : The Wolves of the Calla,Stephen King,141651693X,0
3035,1396,408,"7: The Dark Tower VII (The Dark Tower, Book 7) Mass Market Paperback – August 22, 2006",Stephen King,1416524525,The Dark Tower V : The Wolves of the Calla,Stephen King,141651693X,0
3381,2803,443,"Hidden Heart: This Magic Moment\Storm Warning Mass Market Paperback – September 26, 2017",Nora Roberts,037328246X,HIDDEN HEART: THIS MAGICMOMENT STORM WARNING,"ROBERTS, NORA",037328246X,1
3533,1609,462,"HALO: Smoke and Shadow Paperback – January 16, 2018",Kelly Gay,1501155407,HALO: SMOKE AND SHADOW,Kelly Gay,1501155407,1
3746,939,492,"Bad Luck and Trouble (Jack Reacher) Mass Market Paperback – May 19, 2009",Lee Child,440246016,Nothing To Lose: (Jack Reacher 12) (Audio CD),"Child, Lee, Shale, Kerry",184657109X,0
3801,758,505,"Tricky Twenty-Two: A Stephanie Plum Novel Mass Market Paperback – November 8, 2016",Janet Evanovich,345542975,Takedown Twenty (Stephanie Plum 20) (Paperback),"Evanovich, Janet",1472201590,0
3811,2430,505,"Explosive Eighteen (Stephanie Plum) Mass Market Paperback – May 15, 2012",Janet Evanovich,345527739,Takedown Twenty (Stephanie Plum 20) (Paperback),"Evanovich, Janet",1472201590,0
3853,406,519,"Morning Star: Book 3 of the Red Rising Saga (Red Rising Series) Paperback – September 27, 2016",Pierce Brown,345539869,Red Rising,"Brown, Pierce",034553980X,0
3927,1053,527,"The Magicians Trilogy Boxed Set: The Magicians; The Magician King; The Magician's Land Hardcover – August 5, 2014",Lev Grossman,525427341,The Magician King : A Novel (TV Tie-In),Lev Grossman,3131431,0
3983,1017,548,"The Bad Daughter: A Novel Hardcover – February 27, 2018",Joy Fielding,399181520,The Bad Daughter,"Fielding, Joy",399181520,1
4037,871,560,"The Dragon Reborn (The Wheel of Time, Book 3) Mass Market Paperback – October 15, 1992",Robert Jordan,812513711,The Dragon Reborn,Robert Jordan,5334354,0
4069,1114,563,"Needful Things: A Novel Mass Market Paperback – May 3, 2016",Stephen King,1501143786,Needful Things : A Novel,Stephen King,1143780,1
4096,1877,565,"One Second After (A John Matherson Novel) Paperback – November 24, 2009",William R. Forstchen,765327252,One Year After,William R. Forstchen,765376725,0
4239,1359,583,"Cross Justice (Alex Cross) Mass Market Paperback – September 27, 2016",James Patterson,1455585130,Cat & Mouse (Alex Cross),James Patterson,6606187,0
4280,1359,585,"Cross Justice (Alex Cross) Mass Market Paperback – September 27, 2016",James Patterson,1455585130,KILL ALEX CROSS,James Patterson,145551019X,0
4312,921,591,"The Drums of Autumn Mass Market Paperback – November 10, 1997",Diana Gabaldon,044022425X,An Echo in the Bone (Outlander Volume 7) (Mass Market Paperback),Diana Gabaldon,245684,0
4323,2850,591,"Diana Gabaldon Outlander Series 8 Book Set (1- 8) Mass Market Paperback – Box set, 1995",Diana Gabaldon,,An Echo in the Bone (Outlander Volume 7) (Mass Market Paperback),Diana Gabaldon,245684,0
4369,868,602,"Wheel of Time, Boxed Set IV: Crossroads of Twilight, Knife of Dreams, Gathering Storm Mass Market Paperback – November 1, 2011",Robert Jordan,765368617,A Memory Of Light: Book 14 of the Wheel of Time (Paperback),"Jordan, Robert, Sanderson, Brandon",035650395X,0
4373,3130,602,"The Wheel of Time, Boxed Set I, Books 1-3: The Eye of the World, The Great Hunt, The Dragon Reborn Mass Market Paperback – Box set, October 27, 2005",Robert Jordan,812538366,A Memory Of Light: Book 14 of the Wheel of Time (Paperback),"Jordan, Robert, Sanderson, Brandon",035650395X,0
4379,542,602,"Shadows of Self: A Mistborn Novel Mass Market Paperback – October 4, 2016",Brandon Sanderson,765378566,A Memory Of Light: Book 14 of the Wheel of Time (Paperback),"Jordan, Robert, Sanderson, Brandon",035650395X,0
4398,758,607,"Tricky Twenty-Two: A Stephanie Plum Novel Mass Market Paperback – November 8, 2016",Janet Evanovich,345542975,Turbo Twenty-Three: A Stephanie Plum Novel,"Evanovich, Janet",5543006,0
4402,1653,607,"Turbo Twenty-Three: A Stephanie Plum Novel Mass Market Paperback – September 5, 2017",Janet Evanovich,345543017,Turbo Twenty-Three: A Stephanie Plum Novel,"Evanovich, Janet",5543006,1
4492,413,625,"Dark Force Rising (Star Wars: The Thrawn Trilogy, Vol. 2) Mass Market Paperback – February 1, 1993",Timothy Zahn,553560719,Dark Force Rising,"Zahn, Timothy",3560716,1
4520,1840,627,"Hope to Die (Alex Cross) Mass Market Paperback – September 29, 2015",James Patterson,1455515833,"Merry Christmas, Alex Cross",James Patterson,5544958,0
4747,285,668,"The Magician's Land: A Novel (Magicians Trilogy) Paperback – June 9, 2015",Lev Grossman,147516145,The Magicians Trilogy Boxed Set : The Magicians; The Magician King; The Magician's Land,Lev Grossman,7517381,0
4749,1053,668,"The Magicians Trilogy Boxed Set: The Magicians; The Magician King; The Magician's Land Hardcover – August 5, 2014",Lev Grossman,525427341,The Magicians Trilogy Boxed Set : The Magicians; The Magician King; The Magician's Land,Lev Grossman,7517381,1
4767,1295,673,"The Hobbit: Illustrated Edition Hardcover – Illustrated, October 1, 2013",J.R.R. Tolkien,544174224,The Hobbit: Deluxe Pocket Edition,J.R.R. Tolkien,4045527,1
4774,103,674,"The Sun Also Rises Paperback – October 17, 2006",Ernest Hemingway,743297334,SUN ALSO RISES,Ernest Hemingway,3297337,1
4781,93,675,"The Dark Tower VI: Song of Susannah (The Dark Tower, Book 6) Mass Market Paperback – May 23, 2006",Stephen King,1416521496,"DARK TOWER I (MTI), THE",Stephen King,1166111,0
4812,1847,675,"The Dark Tower III: The Waste Lands Mass Market Paperback – December 27, 2016",Stephen King,1501161822,"DARK TOWER I (MTI), THE",Stephen King,1166111,0
4844,1110,682,"Dirk Gently's Holistic Detective Agency Paperback – October 7, 2014",Douglas Adams,1476782997,Dirk Gently's Holistic Detective Agency,Douglas Adams,6782998,1
5063,484,707,"Beyond Danger (The Texas Trilogy) Mass Market Paperback – January 30, 2018",Kat Martin,1420143174,BEYOND DANGER,"MARTIN, KAT",1420143174,1
5150,1505,720,"The Ocean at the End of the Lane: A Novel Mass Market Paperback – June 28, 2016",Neil Gaiman,62459368,The Ocean at the End of the Lane,"Gaiman, Neil",2459362,1
5206,289,724,"Life Debt: Aftermath (Star Wars) (Star Wars: The Aftermath Trilogy) Paperback – March 28, 2017",Chuck Wendig,1101966955,LIFE DEBT: AFTERMATH (STAR WARS),"WENDIG, CHUCK",1966933,1
5307,666,750,"The Girl Who Kicked the Hornet's Nest (Millennium Series) Mass Market Paperback – February 21, 2012",Stieg Larsson,307742539,The Girl Who Kicked the Hornet's Nest,"Larsson, Stieg",7742537,1
5332,1359,754,"Cross Justice (Alex Cross) Mass Market Paperback – September 27, 2016",James Patterson,1455585130,The People vs. Alex Cross,James Patterson,1478923326,0
5494,278,782,"Outlander Mass Market Paperback – June 2, 1992",Diana Gabaldon,440212561,The Fiery Cross (Outlander Volume 5) (Mass Market Paperback),Diana Gabaldon,221663,0
5496,854,782,"Dragonfly in Amber: A Novel (Outlander) Mass Market Paperback – November 2, 1993",Diana Gabaldon,440215625,The Fiery Cross (Outlander Volume 5) (Mass Market Paperback),Diana Gabaldon,221663,0
5509,2850,782,"Diana Gabaldon Outlander Series 8 Book Set (1- 8) Mass Market Paperback – Box set, 1995",Diana Gabaldon,,The Fiery Cross (Outlander Volume 5) (Mass Market Paperback),Diana Gabaldon,221663,0
5524,434,785,"The Dark Tower I: The Gunslinger Paperback – May 3, 2016",Stephen King,1501143514,Dark Tower V: Wolves of the Calla,Stephen King,743251628,0
5526,557,785,"The Dark Tower 8-Book Boxed Set Paperback – December 6, 2016",Stephen King,1501163566,Dark Tower V: Wolves of the Calla,Stephen King,743251628,0
5542,1715,785,"The Dark Tower V: The Wolves of the Calla (The Dark Tower, Book 5) Mass Market Paperback – January 24, 2006",Stephen King,141651693X,Dark Tower V: Wolves of the Calla,Stephen King,743251628,1
5545,1847,785,"The Dark Tower III: The Waste Lands Mass Market Paperback – December 27, 2016",Stephen King,1501161822,Dark Tower V: Wolves of the Calla,Stephen King,743251628,0
5560,380,788,"Arcanum Unbounded: The Cosmere Collection Mass Market Paperback – February 27, 2018",Brandon Sanderson,076539118X,Arcanum Unbounded: The Cosmere Collection,Brandon Sanderson,5391166,1
5633,289,794,"Life Debt: Aftermath (Star Wars) (Star Wars: The Aftermath Trilogy) Paperback – March 28, 2017",Chuck Wendig,1101966955,EMPIRE'S END: AFTERMATH (STAR WARS),"WENDIG, CHUCK",110196698X,0
5676,329,799,"Without Fail (Jack Reacher) Mass Market Paperback – February 26, 2008",Lee Child,515144312,Without Fail: (Jack Reacher 6) (Audio CD),"Child, Lee, Shale, Kerry",1846572436,0
5679,467,799,"No Middle Name: The Complete Collected Jack Reacher Short Stories Paperback – January 2, 2018",Lee Child,399593594,Without Fail: (Jack Reacher 6) (Audio CD),"Child, Lee, Shale, Kerry",1846572436,0
5681,734,799,"Personal: A Jack Reacher Novel Paperback – April 28, 2015",Lee Child,804178755,Without Fail: (Jack Reacher 6) (Audio CD),"Child, Lee, Shale, Kerry",1846572436,0
5682,910,799,"The Affair (Jack Reacher) Mass Market Paperback – March 27, 2012",Lee Child,9.78E+12,Without Fail: (Jack Reacher 6) (Audio CD),"Child, Lee, Shale, Kerry",1846572436,0
5685,1031,799,"The Hard Way (Jack Reacher) Mass Market Paperback – May 19, 2009",Lee Child,440246008,Without Fail: (Jack Reacher 6) (Audio CD),"Child, Lee, Shale, Kerry",1846572436,0
5689,1194,799,"The Midnight Line: A Jack Reacher Novel Hardcover – November 7, 2017",Lee Child,399593489,Without Fail: (Jack Reacher 6) (Audio CD),"Child, Lee, Shale, Kerry",1846572436,0
5693,1559,799,"Nothing to Lose (Jack Reacher) Mass Market Paperback – March 24, 2009",Lee Child,044024367X,Without Fail: (Jack Reacher 6) (Audio CD),"Child, Lee, Shale, Kerry",1846572436,0
5724,1504,807,"The Demon Crown: A Sigma Force Novel (Sigma Force Novels) Hardcover – December 5, 2017",James Rollins,62381733,The Demon Crown,"Rollins, James",62381733,1
5773,734,814,"Personal: A Jack Reacher Novel Paperback – April 28, 2015",Lee Child,804178755,WORTH DYING FOR: A REACHER NOVEL,"CHILD, LEE",246295,0
5848,927,821,"Alas, Babylon Paperback – July 5, 2005",Pat Frank,60741872,"ALAS, BABYLON",PAT FRANK,741872,1
5921,2070,830,"Dead Beat (The Dresden Files, Book 7) Mass Market Paperback – May 2, 2006",Jim Butcher,045146091X,Dead Beat,Jim Butcher,045146091X,1
5926,509,831,"The Outlandish Companion Volume Two: The Companion to The Fiery Cross, A Breath of Snow and Ashes, An Echo in the Bone, and Written in My Own Heart's Blood (Outlander) Hardcover – October 27, 2015",Diana Gabaldon,385344449,Voyager (Outlander Volume 3) (Mass Market Paperback),Diana Gabaldon,217568,0
5927,854,831,"Dragonfly in Amber: A Novel (Outlander) Mass Market Paperback – November 2, 1993",Diana Gabaldon,440215625,Voyager (Outlander Volume 3) (Mass Market Paperback),Diana Gabaldon,217568,0
5929,921,831,"The Drums of Autumn Mass Market Paperback – November 10, 1997",Diana Gabaldon,044022425X,Voyager (Outlander Volume 3) (Mass Market Paperback),Diana Gabaldon,217568,0
5933,1418,831,"Voyager: A Novel (Outlander) Mass Market Paperback – October 1, 1994",Diana Gabaldon,440217563,Voyager (Outlander Volume 3) (Mass Market Paperback),Diana Gabaldon,217568,0
5966,1046,839,"The Ender Quartet Boxed Set: Ender's Game, Speaker for the Dead, Xenocide, Children of the Mind (The Ender Quintet) Mass Market Paperback – November 4, 2008",Orson Scott Card,765362430,Ender's Game Gift Edition,Orson Scott Card,1250174465,0
6046,1157,854,"The Black Elfstone: The Fall of Shannara Mass Market Paperback – February 27, 2018",Terry Brooks,055339150X,The Heritage of Shannara,"Brooks, Terry",5465541,0
6064,535,860,"Star Wars: Book of Sith Hardcover – April 16, 2013",Daniel Wallace,1452118159,Star Wars Box Set: The Jedi Path and Book of Sith,Daniel Wallace,2126415,0
6068,1449,860,"Star Wars®: Secrets of the Galaxy Deluxe Box Set Hardcover – September 27, 2016",Daniel Wallace,1452159254,Star Wars Box Set: The Jedi Path and Book of Sith,Daniel Wallace,2126415,0
6273,758,892,"Tricky Twenty-Two: A Stephanie Plum Novel Mass Market Paperback – November 8, 2016",Janet Evanovich,345542975,"Twice the Plum: Two Stephanie Plum Between the Numbers Novels (Plum Spooky, Visions of Sugar Plums)",Janet Evanovich,1250165105,0
6322,2038,901,"Crimson Death (Anita Blake, Vampire Hunter) Mass Market Paperback – June 20, 2017",Laurell K. Hamilton,110198774X,"Micah : An Anita Blake, Vampire Hunter Novel","Hamilton, Laurell K.",5140872,0
6469,635,920,"Foundation, Foundation and Empire, Second Foundation Hardcover – November 2, 2010",Isaac Asimov,307593967,Foundation and Empire,"Asimov, Isaac",3293374,0
6485,700,924,"Golden Prey (A Prey Novel) Hardcover – April 25, 2017",John Sandford,399184570,Golden Prey,John Sandford,1524723436,1
6662,2015,952,"Jack & Jill (Alex Cross) Mass Market Paperback – November 1, 1997",James Patterson,446604801,"Alex Cross, Run",James Patterson,6571846,0
6708,201,969,"The Ultimate Hitchhiker's Guide to the Galaxy Paperback – April 30, 2002",Douglas Adams,345453743,HITCHHIKERS GUIDE GAL,"ADAMS, DOUGLAS",5391805,0
6760,3083,982,"The Walking Dead: Compendium Three Paperback – October 13, 2015",Robert Kirkman,1632154560,The Walking Dead Compendium (Volume 3) (Issues #97-144) (Paperback),Robert Kirkman,2154568,0
6854,434,990,"The Dark Tower I: The Gunslinger Paperback – May 3, 2016",Stephen King,1501143514,"DARK TOWER I, THE AC",Stephen King,1508230749,0
6856,557,990,"The Dark Tower 8-Book Boxed Set Paperback – December 6, 2016",Stephen King,1501163566,"DARK TOWER I, THE AC",Stephen King,1508230749,0
6875,1847,990,"The Dark Tower III: The Waste Lands Mass Market Paperback – December 27, 2016",Stephen King,1501161822,"DARK TOWER I, THE AC",Stephen King,1508230749,0
6915,1448,998,"A Storm of Swords (A Song of Ice and Fire, Book 3) Mass Market Paperback – March 4, 2003",George R. R. Martin,055357342X,A Storm of Swords,"Martin, George R. R.",055357342X,1
7015,2094,1012,"Echo Park (A Harry Bosch Novel) Mass Market Paperback – February 24, 2015",Michael Connelly,1455550728,Echo Park,Michael Connelly,5550720,0
7083,1979,1026,"The Walking Dead Volume 30: New World Order Paperback – September 11, 2018",Robert Kirkman,1534308849,The Walking Dead Compendium (Volume 2) (Issues #49-96) (Paperback),Robert Kirkman,7065965,0
7192,3116,1036,"Saga Volume 6 Paperback – July 5, 2016",Brian K Vaughan,163215711X,Saga 5,"Staples, Fiona Vaughan, Brian K.",215438X,0
7249,1314,1050,"The Kitchen House: A Novel Paperback – February 2, 2010",Kathleen Grissom,1439153663,GLORY OVER EVERYTHING: BEYOND THE KITCHEN HOUSE,Kathleen Grissom,6748454,0
7255,834,1051,"A Dance with Dragons (A Song of Ice and Fire) Mass Market Paperback – October 29, 2013",George R. R. Martin,553582011,A Song of Ice and Fire,"Martin, George R. R.",5535566,0
7256,1201,1051,"A Game of Thrones (A Song of Ice and Fire, Book 1) Mass Market Paperback – March 22, 2011",George R. R. Martin,553593714,A Song of Ice and Fire,"Martin, George R. R.",5535566,0
7261,3094,1051,"The World of Ice & Fire: The Untold History of Westeros and the Game of Thrones Hardcover – October 28, 2014",George R. R. Martin Elio Garcia Linda Antonsson,553805444,A Song of Ice and Fire,"Martin, George R. R.",5535566,0
7262,1837,1052,"Death of a Ghost (A Hamish Macbeth Mystery) Mass Market Paperback – February 27, 2018",M. C. Beaton,145555829X,Introducing Agatha Raisin: The Quiche of Death / The Vicious Vet,M. C. Beaton,2544536,0
7342,630,1065,"The Great Hunt (The Wheel of Time, Book 2) Mass Market Paperback – October 15, 1991",Robert Jordan,812517725,The Wheel Of Time (The Eye Of The World/The Great Hunt/The Dragon Reborn),"Jordan, Robert",812538366,0
7349,596,1067,"A Canticle for Leibowitz Mass Market Paperback – June 1, 1984",Walter M. Miller Jr.,553273817,A Canticle for Leibowitz,"Miller, Walter M., Jr.",3273819,1
7353,2038,1070,"Crimson Death (Anita Blake, Vampire Hunter) Mass Market Paperback – June 20, 2017",Laurell K. Hamilton,110198774X,"Blood Noir : An Anita Blake, Vampire Hunter Novel","Hamilton, Laurell K.",5146371,0
7354,2448,1070,"Guilty Pleasures (Anita Blake, Vampire Hunter: Book 1) Mass Market Paperback – September 24, 2002",Laurell K. Hamilton,051513449X,"Blood Noir : An Anita Blake, Vampire Hunter Novel","Hamilton, Laurell K.",5146371,0
7642,1479,1105,"Cross the Line (Alex Cross) Mass Market Paperback – September 26, 2017",James Patterson,1455585327,Four Blind Mice (Alex Cross),James Patterson,6613262,0
7865,1369,1136,"A Darker Shade of Magic: A Novel (Shades of Magic) Paperback – January 19, 2016",V. E. Schwab,765376466,A Darker Shade of Magic,V. E. Schwab,5376457,1
7886,2324,1140,"Two for the Dough (Stephanie Plum Novels) Paperback – June 22, 2010",Janet Evanovich,312675062,TURBO TWENTY-THREE: A STEPHANIE PLUM NOVEL,"EVANOVICH, JANET",345543017,0
7917,1454,1146,"Serpentine (Anita Blake, Vampire Hunter) Hardcover – August 7, 2018",Laurell K. Hamilton,425255689,"The Laughing Corpse : An Anita Blake, Vampire Hunter Novel",Laurell K. Hamilton,513444X,0
7927,257,1149,"The Wheel of Time, Boxed Set II, Books 4-6: The Shadow Rising, The Fires of Heaven, Lord of Chaos Mass Market Paperback – Box set, October 27, 2005",Robert Jordan,812540115,The Shadow Rising,Robert Jordan,5334679,0
8023,619,1160,"Fifty Shades Darker Paperback – April 17, 2012",E. L. James,345803493,Fifty Shades of Grey: Book One of the Fifty Shades Trilogy,"JAMES, E L",5803482,0
8024,2574,1160,"Fifty Shades of Grey: Book One of the Fifty Shades Trilogy (Fifty Shades of Grey Series) Paperback – April 3, 2012",E L James,345803485,Fifty Shades of Grey: Book One of the Fifty Shades Trilogy,"JAMES, E L",5803482,1
8152,192,1177,"Darker: Fifty Shades Darker as Told by Christian (Fifty Shades of Grey) Paperback – November 28, 2017",E L James,385543913,Fifty Shades Freed,"JAMES, E L",5803503,0
8154,248,1177,"Grey: Fifty Shades of Grey as Told by Christian (Fifty Shades of Grey Series) Paperback – June 18, 2015",E L James,1101946342,Fifty Shades Freed,"JAMES, E L",5803503,0
8377,689,1204,"The Sword of Shannara Mass Market Paperback – July 12, 1983",Terry Brooks,345314255,The Sword of Shannara Trilogy,"Brooks, Terry",5453756,0
8401,118,1209,"The Skaar Invasion (The Fall of Shannara) Hardcover – June 19, 2018",Terry Brooks,553391518,The Talismans of Shannara,"Brooks, Terry",5386748,0
8436,1943,1212,"12th of Never (Women's Murder Club) Paperback – December 24, 2013",James Patterson,1455515795,12TH OF NEVER,James Patterson Maxine Paetro,5515780,1
8548,670,1225,"Find Her (Detective D. D. Warren) Paperback – October 18, 2016",Lisa Gardner,451477162,Find Her,Lisa Gardner,1477160,1
8734,870,1254,"Is It Wrong to Try to Pick Up Girls in a Dungeon?, Vol. 10 (light novel) (Is It Wrong to Pick Up Girls in a Dungeon?) Paperback – December 19, 2017",Fujino Omori,316442453,Is It Wrong to Try to Pick Up Girls in a Dungeon? On the Side: Sword Oratoria,Fujino Omori,6318181,0
8907,2262,1281,"Love Letters: A Rose Harbor Novel Mass Market Paperback – July 21, 2015",Debbie Macomber,553391771,INN AT ROSE HARBOR,"MACOMBER, DEBBIE",3393659,0
8951,329,1287,"Without Fail (Jack Reacher) Mass Market Paperback – February 26, 2008",Lee Child,515144312,Lee Child Jack Reacher Books 1-3,Lee Child,5154115,0
9018,127,1293,"Running Blind (Jack Reacher) Mass Market Paperback – August 28, 2007",Lee Child,515143502,Echo Burning: (Jack Reacher 5) (Audio CD),"Child, Lee, Shale, Kerry",1846572428,0
9020,265,1293,"Die Trying (Jack Reacher) Mass Market Paperback – November 28, 2006",Lee Child,515142247,Echo Burning: (Jack Reacher 5) (Audio CD),"Child, Lee, Shale, Kerry",1846572428,0
9023,395,1293,"Tripwire (Jack Reacher) Mass Market Paperback – May 29, 2007",Lee Child,515143073,Echo Burning: (Jack Reacher 5) (Audio CD),"Child, Lee, Shale, Kerry",1846572428,0
9038,1559,1293,"Nothing to Lose (Jack Reacher) Mass Market Paperback – March 24, 2009",Lee Child,044024367X,Echo Burning: (Jack Reacher 5) (Audio CD),"Child, Lee, Shale, Kerry",1846572428,0
9039,1651,1293,"61 Hours (Jack Reacher) Mass Market Paperback – Unabridged, September 28, 2010",Lee Child,440243696,Echo Burning: (Jack Reacher 5) (Audio CD),"Child, Lee, Shale, Kerry",1846572428,0
9057,395,1296,"Tripwire (Jack Reacher) Mass Market Paperback – May 29, 2007",Lee Child,515143073,Gone Tomorrow: A Jack Reacher Novel,"CHILD, LEE",243687,0
9066,1062,1296,"Lee Child Jack Reacher Books 1-3 Mass Market Paperback – November 6, 2012",Lee Child,515154113,Gone Tomorrow: A Jack Reacher Novel,"CHILD, LEE",243687,0
9178,827,1328,"From a Certain Point of View (Star Wars) Hardcover – October 3, 2017",John Jackson Miller,345511476,KENOBI: STAR WARS,"MILLER, JOHN JACKSON",5546845,0
9366,1905,1356,"The Well of Ascension (Mistborn, Book 2) Mass Market Paperback – June 3, 2008",Brandon Sanderson,765356139,The Well of Ascension,Brandon Sanderson,5356137,1
9386,270,1359,"Murder on the Orient Express: A Hercule Poirot Mystery (Hercule Poirot Mysteries) Mass Market Paperback – October 31, 2017",Agatha Christie,62693662,Murder on the Orient Express,"Christie, Agatha",62838628,1
9426,1750,1364,"2: Dragons of Winter Night (Dragonlance Chronicles, Volume II) Mass Market Paperback – April 1, 2000",Margaret Weis Tracy Hickman,786916095,Dragons of Winter Night,"Weis, Margaret Hickman, Tracy",6916096,0
9493,226,1381,"Thrawn: Alliances (Star Wars) Hardcover – July 24, 2018",Timothy Zahn,052548048X,STAR WARS THRAWN,"ZAHN, TIMOTHY",5511278,1
9676,1840,1406,"Hope to Die (Alex Cross) Mass Market Paperback – September 29, 2015",James Patterson,1455515833,"I, Alex Cross",James Patterson,6561969,0
9757,3130,1413,"The Wheel of Time, Boxed Set I, Books 1-3: The Eye of the World, The Great Hunt, The Dragon Reborn Mass Market Paperback – Box set, October 27, 2005",Robert Jordan,812538366,Dragon Reborn,Robert Jordan,285248X,0
9836,483,1420,"Banana Cream Pie Murder (A Hannah Swensen Mystery) Mass Market Paperback – January 30, 2018",Joanne Fluke,1617732222,Lemon Meringue Pie Murder,"Fluke, Joanne",8285284,0
9847,2131,1426,"Memories of Ice (The Malazan Book of the Fallen, Book 3) Mass Market Paperback – August 1, 2006",Steven Erikson,765348802,Memories of Ice,"Erikson, Steven",5348807,1
9902,3094,1429,"The World of Ice & Fire: The Untold History of Westeros and the Game of Thrones Hardcover – October 28, 2014",George R. R. Martin Elio Garcia Linda Antonsson,553805444,A Game of Thrones,"Martin, George R. R.",3808049,0
9917,328,1432,"The Girl with the Dragon Tattoo (Millennium Series) Mass Market Paperback – Unabridged, November 22, 2011",Stieg Larsson,307949486,The Girl With the Dragon Tattoo,"Larsson, Stieg",7949489,1
9967,1582,1434,The Lands of Ice and Fire (A Game of Thrones): Maps from King's Landing to Across the Narrow Sea,George R. R. Martin,345538544,A Clash of Kings,"Martin, George R. R.",449011100,0
9973,494,1435,"The Slow Regard of Silent Things (Kingkiller Chronicle) Paperback – November 17, 2015",Patrick Rothfuss,756411327,The Slow Regard of Silent Things,Patrick Rothfuss,6411324,1
10095,63,1460,"Look for Me (D. D. Warren) Hardcover – February 6, 2018",Lisa Gardner,1524742058,Look for Me,"Gardner, Lisa",525589236,1
10101,1138,1462,Miss Marple: The Complete Short Stories: A Miss Marple Collection (Miss Marple Mysteries) unknown Edition,Agatha Christie,62073710,Miss Marple in : A Caribbean Mystery,Agatha Christie,563524545,0
10114,1157,1464,"The Black Elfstone: The Fall of Shannara Mass Market Paperback – February 27, 2018",Terry Brooks,055339150X,The World of Shannara,"Cherry, David Patterson, Teresa Brooks, Terry",5480685,0
10138,3171,1479,"It Devours!: A Welcome to Night Vale Novel Hardcover – October 17, 2017",Joseph Fink Jeffrey Cranor,006247605X,Welcome to Night Vale,"Cranor, Jeffrey Fink, Joseph",2351424,0
10139,159,1480,"Gwendy's Button Box: A Novella Paperback – October 31, 2017",Stephen King Richard Chizmar,1501188291,Gwendy's Button Box,Richard Chizmar Stephen King,1501188291,1
10182,1653,1481,"Turbo Twenty-Three: A Stephanie Plum Novel Mass Market Paperback – September 5, 2017",Janet Evanovich,345543017,Top Secret Twenty-One: A Stephanie Plum Novel,Janet Evanovich,554293X,0
10183,1670,1481,"Top Secret Twenty-One: A Stephanie Plum Novel Mass Market Paperback – May 26, 2015",Janet Evanovich,345542932,Top Secret Twenty-One: A Stephanie Plum Novel,Janet Evanovich,554293X,1
10209,1681,1485,"The Two Towers: Being the Second Part of The Lord of the Rings Paperback – September 18, 2012",J.R.R. Tolkien,547928203,The Return of the King : Being the Third Part of the Lord of the Rings,J.R.R. Tolkien,054792819X,0
10263,180,1496,"The Color of Magic (Discworld) Mass Market Paperback – January 29, 2013",Terry Pratchett,62225677,Pyramids: (Discworld Novel 7) (Discworld Novels) (Paperback),"Pratchett, Terry",552166650,0
10266,1776,1496,"Equal Rites (Discworld) Mass Market Paperback – January 29, 2013",Terry Pratchett,62225693,Pyramids: (Discworld Novel 7) (Discworld Novels) (Paperback),"Pratchett, Terry",552166650,0
10444,975,1522,"A Wanted Man (Jack Reacher) Mass Market Paperback – May 28, 2013",Lee Child,440246318,"WANTED MAN, A","CHILD, LEE",246316,0
10483,2912,1530,"Yo antes de ti / Me Before You (Spanish Edition) (Spanish) Paperback – June 21, 2016",Jojo Moyes,1941999883,Yo Antes de Ti = Me Before You,"Moyes, Jojo",6071132800,1
10513,1242,1538,"Ender's Game (The Ender Quintet) Mass Market Paperback – July 15, 1994",Orson Scott Card,812550706,ENDERS GAME,"CARD, ORSON SCOTT",2550707,1
10671,313,1567,"Golden Son: Book 2 of the Red Rising Saga (Red Rising Series) Paperback – July 7, 2015",Pierce Brown,345539834,Golden Son,"Brown, Pierce",5539817,1
10692,1424,1572,"The Longmire Mystery Series Boxed Set Volumes 1-11: The First Eleven Novels Paperback – September 13, 2016",Craig Johnson,143129600,The Dark Horse : A Longmire Mystery,Craig Johnson,3117312,0
10694,1646,1572,"A Serpent's Tooth: A Longmire Mystery Paperback – April 29, 2014",Craig Johnson,014312546X,The Dark Horse : A Longmire Mystery,Craig Johnson,3117312,0
10719,855,1573,"Different Seasons: Four Novellas Paperback – March 29, 2016",Stephen King,1501143484,Different Seasons,Stephen King,1143487,1
10757,241,1576,"City of Endless Night (Agent Pendergast series) Hardcover – January 16, 2018",Douglas Preston,1455536946,City of Endless Night,Douglas Preston Lincoln Child,1455536946,1
10877,2354,1597,"Born of Vengeance: The League: Nemesis Rising Mass Market Paperback – January 2, 2018",Sherrilyn Kenyon,125008279X,Born of Vengeance: The League: Nemesis Rising,"Berman, Fred Kenyon, Sherrilyn",1427282625,0
10900,1864,1605,"The One Man: The Riveting and Intense Bestselling WWII Thriller Mass Market Paperback – June 27, 2017",Andrew Gross,1250079527,The One Man,Andrew Gross,79526,1
11098,118,1639,"The Skaar Invasion (The Fall of Shannara) Hardcover – June 19, 2018",Terry Brooks,553391518,The Wishsong of Shannara,"Brooks, Terry",5356362,0
11175,536,1650,"Necronomicon: The Best Weird Tales of H. P. Lovecraft Hardcover – March 27, 2008",H.P. Lovecraft,575081562,The Necronomicon: The Best Weird Tales of H.p. Lovecraft,H.P. Lovecraft,5081571,1
11290,1582,1669,The Lands of Ice and Fire (A Game of Thrones): Maps from King's Landing to Across the Narrow Sea,George R. R. Martin,345538544,A Clash of Kings,"Martin, George R. R.",553542X,0
11317,635,1675,"Foundation, Foundation and Empire, Second Foundation Hardcover – November 2, 2010",Isaac Asimov,307593967,Second Foundation,"Asimov, Isaac",3293369,0
11496,2925,1695,"Sylvia Day Crossfire Series 4-Volume Boxed Set: Bared to You/Reflected in You/Entwined with You/Captivated By You Paperback – January 27, 2015",Sylvia Day,425282333,ONE WITH YOU: CROSSFIRE #5,"DAY, SYLVIA",109309,0
11685,758,1718,"Tricky Twenty-Two: A Stephanie Plum Novel Mass Market Paperback – November 8, 2016",Janet Evanovich,345542975,Tricky Twenty-two,"EVANOVICH, JANET",5542971,1
11739,1101,1731,"An Echo in the Bone: A Novel (Outlander) Mass Market Paperback – May 24, 2011",Diana Gabaldon,440245680,ECHO IN THE BONE,"GABALDON, DIANA",534246X,1
11757,295,1735,"What She Knew: A Novel Paperback – December 1, 2015",Gilly Macmillan,62413864,What She Knew,"Macmillan, Gilly",2413862,1
11798,1356,1748,"William Shakespeare's Star Wars Hardcover – July 2, 2013",Ian Doescher,1594746370,WILLIAM SHAKESPEARE'S ATTACK OF THE CLONES,"DOESCHER, IAN",4748075,0
11888,18,1763,"A Game of Thrones / A Clash of Kings / A Storm of Swords / A Feast of Crows / A Dance with Dragons Mass Market Paperback – October 29, 2013",George R. R. Martin,345535529,A FEAST FOR CROWS,"MARTIN, GEORGE",055358202X,0
11907,3156,1765,"Heir to the Empire (Star Wars: The Thrawn Trilogy, Vol. 1) Mass Market Paperback – May 1, 1992",Timothy Zahn,553296124,THRAWN (STAR WARS),"ZAHN, TIMOTHY",1101967021,0
12036,2201,1774,"A Deeper Love Inside: The Porsche Santiaga Story Paperback – February 18, 2014",Sister Souljah,1439165327,"DEEPER LOVE INSIDE, A-AA",Sister Souljah,916532X,1
12039,979,1775,"Babylon's Ashes (The Expanse) Paperback – October 24, 2017",James S. A. Corey,316217646,Babylon's Ashes,James S. A. Corey,316217646,1
12091,55,1784,"Iron Gold: Book 4 of the Red Rising Saga (Red Rising Series) Hardcover – January 16, 2018",Pierce Brown,042528591X,Red Rising,"Brown, Pierce",4137743,0
12092,207,1784,"Red Rising Paperback – July 15, 2014",Pierce Brown,034553980X,Red Rising,"Brown, Pierce",4137743,1
12133,1840,1789,"Hope to Die (Alex Cross) Mass Market Paperback – September 29, 2015",James Patterson,1455515833,"Kiss the Girls (Alex Cross, No. 2)",James Patterson,6601241,0
12330,1633,1809,"Dark Tide Rising: A William Monk Novel Hardcover – September 18, 2018",Anne Perry,399179917,Slaves of Obsession: A William Monk Novel,"Perry, Anne",5514127,0
12468,1766,1830,"The World of All Souls: The Complete Guide to A Discovery of Witches, Shadow of Night, and The Book of Life (All Souls Trilogy) Hardcover – May 8, 2018",Deborah Harkness Colleen Madden,735220743,Shadow of Night : A Novel,Deborah Harkness,23489,0
12626,1651,1851,"61 Hours (Jack Reacher) Mass Market Paperback – Unabridged, September 28, 2010",Lee Child,440243696,61 HOURS,"CHILD, LEE",243692,1
12687,1582,1858,The Lands of Ice and Fire (A Game of Thrones): Maps from King's Landing to Across the Narrow Sea,George R. R. Martin,345538544,A Clash of Kings,"Martin, George R. R.",3108030,0
12706,101,1861,"Duel to the Death (Ali Reynolds) Hardcover – March 20, 2018",J.A. Jance,1501150987,MAN OVERBOARD: AN ALI REYNOLDS NOVEL,J.A. Jance,1501110829,0
12708,1225,1863,"The Grave's a Fine and Private Place: A Flavia de Luce Novel Hardcover – January 30, 2018",Alan Bradley,345539990,A Red Herring Without Mustard: A Flavia de Luce Novel,"Bradley, Alan",5343463,0
12796,1181,1878,"The Magicians Trilogy Boxed Set: The Magicians; The Magician King; The Magician's Land Paperback – June 9, 2015",Lev Grossman,147517389,The Magician King : A Novel,Lev Grossman,2298015,0
12814,325,1885,"Mississippi Blood: The Natchez Burning Trilogy Mass Market Paperback – December 26, 2017",Greg Iles,62311182,Natchez Burning,Greg Iles,2311093,0
12831,300,1890,"If I'm Found (If I Run Series) Paperback – March 21, 2017",Terri Blackstock,310332486,If I'm Found,"Blackstock, Terri",332483,1
13029,451,1920,"The Alloy of Law: A Mistborn Novel Mass Market Paperback – October 30, 2012",Brandon Sanderson,765368544,The Alloy of Law,"Sanderson, Brandon",5368540,1
13091,93,1925,"The Dark Tower VI: Song of Susannah (The Dark Tower, Book 6) Mass Market Paperback – May 23, 2006",Stephen King,1416521496,The Dark Tower VII : The Dark Tower,Stephen King,6524529,0
13267,1605,1935,"Horus Rising (The Horus Heresy) Mass Market Paperback – August 26, 2014",Dan Abnett,1849707448,Horus Rising,Dan Abnett,9707447,1
13268,1081,1936,"Death March to the Parallel World Rhapsody, Vol. 4 (light novel) (Death March to the Parallel World Rhapsody (light novel)) Paperback – January 30, 2018",Hiro Ainana,316556092,Death March to the Parallel World Rhapsody,Hiro Ainana,650797X,0
13389,127,1950,"Running Blind (Jack Reacher) Mass Market Paperback – August 28, 2007",Lee Child,515143502,BAD LUCK AND TROUBLE: A JACK REACHER NOVEL,"CHILD, LEE",246012,0
13390,153,1950,"Echo Burning (Jack Reacher) Paperback – November 27, 2007",Lee Child,515143820,BAD LUCK AND TROUBLE: A JACK REACHER NOVEL,"CHILD, LEE",246012,0
13393,391,1950,"Persuader (Jack Reacher) Mass Market Paperback – May 19, 2009",Lee Child,440245982,BAD LUCK AND TROUBLE: A JACK REACHER NOVEL,"CHILD, LEE",246012,0
13416,1190,1954,"And Then There Were None Mass Market Paperback – March 29, 2011",Agatha Christie,62073486,And Then There Were None,"Christie, Agatha",2073484,1
13541,758,1973,"Tricky Twenty-Two: A Stephanie Plum Novel Mass Market Paperback – November 8, 2016",Janet Evanovich,345542975,"High Five (Stephanie Plum, No. 5)",Janet Evanovich,2971347,0
13551,2430,1973,"Explosive Eighteen (Stephanie Plum) Mass Market Paperback – May 15, 2012",Janet Evanovich,345527739,"High Five (Stephanie Plum, No. 5)",Janet Evanovich,2971347,0
13669,1190,2000,"And Then There Were None Mass Market Paperback – March 29, 2011",Agatha Christie,62073486,And Then There Were None (Agatha Christie Mysteries Collection),Agatha Christie,2073479,1
13737,2322,2010,"Iron Kissed (Mercy Thompson, Book 3) Mass Market Paperback – January 2, 2008",Patricia Briggs,441015662,Iron Kissed,Patricia Briggs,1015662,1
13861,1318,2017,"The Silent Corner: A Novel of Suspense Hardcover – June 20, 2017",Dean Koontz,345545990,DARK RIVERS OF THE HEART: A NOVEL,"KOONTZ, DEAN",553303X,0
13904,2455,2019,"Misadventures of a Virgin (Misadventures Series) Hardcover – December 5, 2017",Meredith Wild,1947222422,Misadventures of a City Girl,"Bliss, Chelle Wild, Meredith",1943893403,0
13957,1825,2025,"Theft of Swords, Vol. 1(Riyria Revelations) Paperback – November 23, 2011",Michael J. Sullivan,316187747,Age of Swords,"Sullivan, Michael J.",1101965363,0
13961,2167,2026,"Every Last Lie: A Gripping Novel of Psychological Suspense Hardcover – June 27, 2017",Mary Kubica,778319989,Every Last Lie,"KUBICA, MARY",778319989,1
13968,1245,2029,"The Mark (Fox and O'Hare) Hardcover – August 14, 2018",Janet Evanovich,525536647,"SCAM: A FOX AND O'HARE NOVEL, THE","EVANOVICH, JANET",5543179,0
14036,871,2038,"The Dragon Reborn (The Wheel of Time, Book 3) Mass Market Paperback – October 15, 1992",Robert Jordan,812513711,WHEEL OF TIME 2 BOX SETBOX SET #22,Robert Jordan,2540112,0
14037,993,2038,"Towers of Midnight (Wheel of Time) Mass Market Paperback – October 4, 2011",Robert Jordan Brandon Sanderson,765364875,WHEEL OF TIME 2 BOX SETBOX SET #22,Robert Jordan,2540112,0
14040,18,2039,"A Game of Thrones / A Clash of Kings / A Storm of Swords / A Feast of Crows / A Dance with Dragons Mass Market Paperback – October 29, 2013",George R. R. Martin,345535529,A Game of Thrones,"Martin, George R. R.",307913090,0
14041,284,2039,"A Game of Thrones: The Illustrated Edition: A Song of Ice and Fire: Book One Hardcover – Illustrated, October 18, 2016",George R. R. Martin,553808044,A Game of Thrones,"Martin, George R. R.",307913090,1
14062,1156,2043,"The Murder of Roger Ackroyd: A Hercule Poirot Mystery (Hercule Poirot Mysteries) Paperback – Print, February 1, 2011",Agatha Christie,62073567,The Mystery of the Blue Train,"Christie, Agatha",2073971,0
14285,746,2059,"Words of Radiance: Book Two of the Stormlight Archive Mass Market Paperback – March 3, 2015",Brandon Sanderson,765365286,Words of Radiance,Brandon Sanderson,1250166535,1
14350,1268,2069,"One Second After (A John Matherson Novel) Mass Market Paperback – April 26, 2011",William R. Forstchen,765356864,One Year After : A John Matherson Novel,William R. Forstchen,5376719,0
14351,1813,2069,"One Year After: A John Matherson Novel Mass Market Paperback – June 28, 2016",William R. Forstchen,765376717,One Year After : A John Matherson Novel,William R. Forstchen,5376719,0
14558,506,2092,"The Princess Bride: An Illustrated Edition of S. Morgenstern's Classic Tale of True Love and High Adventure Hardcover – Illustrated, November 5, 2013",William Goldman,544173767,The Princess Bride Deluxe Edition HC : S. Morgenstern's Classic Tale of True Love and High Adventure,William Goldman,1328948854,1
14569,1418,2095,"Voyager: A Novel (Outlander) Mass Market Paperback – October 1, 1994",Diana Gabaldon,440217563,Drums of Autumn (Outlander Volume 4) (Mass Market Paperback),Diana Gabaldon,044022425X,0
14571,1593,2095,"Seven Stones to Stand or Fall: A Collection of Outlander Fiction Hardcover – June 27, 2017",Diana Gabaldon,039959342X,Drums of Autumn (Outlander Volume 4) (Mass Market Paperback),Diana Gabaldon,044022425X,0
14576,2850,2095,"Diana Gabaldon Outlander Series 8 Book Set (1- 8) Mass Market Paperback – Box set, 1995",Diana Gabaldon,,Drums of Autumn (Outlander Volume 4) (Mass Market Paperback),Diana Gabaldon,044022425X,0
14676,2558,2102,"Misadventures of a City Girl (Misadventures Series) Hardcover – September 12, 2017",Meredith Wild Chelle Bliss,1943893403,Misadventures of a Good Wife,"Hardt, Helen Wild, Meredith",1943893462,0
14764,833,2109,"A Knight of the Seven Kingdoms (A Song of Ice and Fire) Hardcover – October 6, 2015",George R. R. Martin,345533488,"WORLD OF ICE AND FIRE, THE","MARTIN, GEORGE R.R.",3805446,0
14767,1448,2109,"A Storm of Swords (A Song of Ice and Fire, Book 3) Mass Market Paperback – March 4, 2003",George R. R. Martin,055357342X,"WORLD OF ICE AND FIRE, THE","MARTIN, GEORGE R.R.",3805446,0
14892,2708,2118,"Thrill Me (A Fool's Gold Romance) Hardcover – Large Print, November 25, 2015",Susan Mallery,1410481271,THRILL ME,"MALLERY, SUSAN",3788981,1
14936,251,2123,"Sword of Destiny (The Witcher) Paperback – December 1, 2015",Andrzej Sapkowski David French,316389706,Sword of Destiny,Andrzej Sapkowski,6389708,1
14973,2643,2128,"Beneath This Man (A This Man Novel) Paperback – November 26, 2013",Jodi Ellen Malpas,1455578347,Beneath This Man,Jodi Ellen Malpas,5578348,1
14992,286,2133,"Ashes of Victory (Honor Harrington) Leather Bound – September 4, 2018",David Weber,1481483455,Shadow of Victory,David Weber,1481482882,0
15004,1582,2135,The Lands of Ice and Fire (A Game of Thrones): Maps from King's Landing to Across the Narrow Sea,George R. R. Martin,345538544,A Game of Thrones 1,"Martin, George R. R.",044042321X,0
15011,248,2136,"Grey: Fifty Shades of Grey as Told by Christian (Fifty Shades of Grey Series) Paperback – June 18, 2015",E L James,1101946342,Fifty Shades Darker,"JAMES, E L",5803498,0
15081,630,2143,"The Great Hunt (The Wheel of Time, Book 2) Mass Market Paperback – October 15, 1991",Robert Jordan,812517725,The Great Hunt,Robert Jordan,5334349,1
15121,118,2150,"The Skaar Invasion (The Fall of Shannara) Hardcover – June 19, 2018",Terry Brooks,553391518,ELFSTONES OF SHANNARA (THE SHANNARA CHRONICLES BOO,"BROOKS, TERRY",1886057,0
15146,557,2154,"The Dark Tower 8-Book Boxed Set Paperback – December 6, 2016",Stephen King,1501163566,The Dark Tower I : The Gunslinger,Stephen King,1168365,0
15205,749,2160,"Star Wars: Tarkin Paperback – June 30, 2015",James Luceno,553392905,TARKIN: STAR WARS,"LUCENO, JAMES",3392901,1
15308,1174,2181,"Final Girls: A Novel Paperback – January 23, 2018",Riley Sager,1101985380,FINAL GIRLS: A NOVEL,Riley Sager,1101985380,1
15335,759,2187,"Kill Shot: An American Assassin Thriller (A Mitch Rapp Novel) Mass Market Paperback – August 21, 2012",Vince Flynn,1416595228,Order to Kill : A Novel,Kyle Mills Vince Flynn,1476783497,0
15339,847,2187,"Order to Kill: A Novel (A Mitch Rapp Novel) Mass Market Paperback – July 18, 2017",Vince Flynn Kyle Mills,1476783497,Order to Kill : A Novel,Kyle Mills Vince Flynn,1476783497,1
15565,2376,2206,"My Sweet Audrina Paperback – May 24, 2011",V.C. Andrews,1442420189,My Sweet Audrina,V.C. Andrews,1138849,1
15638,455,2216,"The Cold Dish: A Longmire Mystery Paperback – May 30, 2012",Craig Johnson,143123173,Junkyard Dogs : A Longmire Mystery,Craig Johnson,311953X,0
15643,1380,2216,"Junkyard Dogs: A Longmire Mystery Paperback – May 31, 2011",Craig Johnson,143119532,Junkyard Dogs : A Longmire Mystery,Craig Johnson,311953X,1
15649,1758,2216,"As the Crow Flies: A Longmire Mystery Paperback – May 28, 2013",Craig Johnson,143123297,Junkyard Dogs : A Longmire Mystery,Craig Johnson,311953X,0
15650,1836,2216,"Another Man's Moccasins: A Longmire Mystery Paperback – May 26, 2009",Craig Johnson,143115529,Junkyard Dogs : A Longmire Mystery,Craig Johnson,311953X,0
15651,1910,2216,"Wait for Signs: Twelve Longmire Stories (A Longmire Mystery) Paperback – October 27, 2015",Craig Johnson,143127829,Junkyard Dogs : A Longmire Mystery,Craig Johnson,311953X,0
15827,278,2248,"Outlander Mass Market Paperback – June 2, 1992",Diana Gabaldon,440212561,Written in My Own Heart's Blood (Outlander Volume 8) (Mass Market Paperback),Diana Gabaldon,110188424X,0
15828,509,2248,"The Outlandish Companion Volume Two: The Companion to The Fiery Cross, A Breath of Snow and Ashes, An Echo in the Bone, and Written in My Own Heart's Blood (Outlander) Hardcover – October 27, 2015",Diana Gabaldon,385344449,Written in My Own Heart's Blood (Outlander Volume 8) (Mass Market Paperback),Diana Gabaldon,110188424X,0
15901,1396,2253,"7: The Dark Tower VII (The Dark Tower, Book 7) Mass Market Paperback – August 22, 2006",Stephen King,1416524525,The Dark Tower Boxed Set,Stephen King,1163566,0
15907,1715,2253,"The Dark Tower V: The Wolves of the Calla (The Dark Tower, Book 5) Mass Market Paperback – January 24, 2006",Stephen King,141651693X,The Dark Tower Boxed Set,Stephen King,1163566,0
16005,601,2265,"The Book of Life: A Novel (All Souls Trilogy) Paperback – May 26, 2015",Deborah Harkness,143127527,The Book of Life : A Novel,Deborah Harkness,25596,1
16007,1766,2265,"The World of All Souls: The Complete Guide to A Discovery of Witches, Shadow of Night, and The Book of Life (All Souls Trilogy) Hardcover – May 8, 2018",Deborah Harkness Colleen Madden,735220743,The Book of Life : A Novel,Deborah Harkness,25596,0
16085,1763,2279,"Manhunt: A Michael Bennett Story (BookShots) Paperback – November 7, 2017",James Patterson James O. Born,316473499,Manhunt: A Michael Bennett Story,James Patterson,316473499,1
16094,2239,2279,"Chase: A BookShot: A Michael Bennett Story (BookShots) Paperback – August 2, 2016",James Patterson,316317179,Manhunt: A Michael Bennett Story,James Patterson,316473499,0
16184,1905,2293,"The Well of Ascension (Mistborn, Book 2) Mass Market Paperback – June 3, 2008",Brandon Sanderson,765356139,Oathbringer : Book Three of the Stormlight Archive,Brandon Sanderson,076532637X,0
16247,1763,2300,"Manhunt: A Michael Bennett Story (BookShots) Paperback – November 7, 2017",James Patterson James O. Born,316473499,"I, Michael Bennett",James Patterson Michael Ledwidge,657181X,0
16256,2239,2300,"Chase: A BookShot: A Michael Bennett Story (BookShots) Paperback – August 2, 2016",James Patterson,316317179,"I, Michael Bennett",James Patterson Michael Ledwidge,657181X,0
16309,1602,2309,"Outlander 4-Copy Boxed Set: Outlander, Dragonfly in Amber, Voyager, Drums of Autumn Mass Market Paperback – April 28, 2015",Diana Gabaldon,1101887486,"The Outlandish Companion: Companion to Outlander, Dragonfly in Amber, Voyager, and Drums of Autumn (Outlander) (Hardcover)",Diana Gabaldon,1887270,0
16357,1198,2313,"The Catcher in the Rye Mass Market Paperback – May 1, 1991",J.D. Salinger,7543321726,Catcher in the Rye,J.D. Salinger,676948X,1
16409,2090,2325,"The Family Business 3: A Family Business Novel Mass Market Paperback – September 26, 2017",Carl Weber,1622865707,The Family Business 4,"Weber, Carl",1622867661,0
16495,698,2332,"The Walt Longmire Mystery Series Boxed Set Volumes 1-4 (Walt Longmire Mysteries) Paperback – November 27, 2012",Craig Johnson,147508770,The Cold Dish : A Longmire Mystery,"Johnson, Craig",3123174,0
16500,1385,2332,"The Highwayman: A Longmire Story (A Longmire Mystery) Paperback – May 16, 2017",Craig Johnson,735220905,The Cold Dish : A Longmire Mystery,"Johnson, Craig",3123174,0
16769,3179,2370,"How the Light Gets In: A Chief Inspector Gamache Novel Paperback – July 29, 2014",Louise Penny,1250047277,The Cruelest Month: A Chief Inspector Gamache Novel,Louise Penny,2573504,0
16812,939,2379,"Bad Luck and Trouble (Jack Reacher) Mass Market Paperback – May 19, 2009",Lee Child,440246016,Bad Luck and Trouble,"Child, Lee",739365681,1
16880,663,2383,"A Memory of Light (Wheel of Time) Mass Market Paperback – December 31, 2013",Robert Jordan Brandon Sanderson,765364883,A Memory of Light,"Sanderson, Brandon Jordan, Robert",5364881,1
16910,919,2389,"Written in My Own Heart's Blood: A Novel (Outlander) Mass Market Paperback – May 31, 2016",Diana Gabaldon,110188424X,Written in My Own Heart's Blood,"Gabaldon, Diana",3386882,1
16989,192,2406,"Darker: Fifty Shades Darker as Told by Christian (Fifty Shades of Grey) Paperback – November 28, 2017",E L James,385543913,Fifty Shades Darker,"James, E. L.",5431884,0
16992,560,2406,"Fifty Shades Freed: Book Three of the Fifty Shades Trilogy (Fifty Shades of Grey Series) (English Edition) Paperback – April 17, 2012",E L James,9.78E+12,Fifty Shades Darker,"James, E. L.",5431884,0
17148,1036,2435,"One Shot (Jack Reacher) Mass Market Paperback – November 6, 2012",Lee Child,345538196,ONE SHOT MTI,"CHILD, LEE",5538195,0
17389,854,2459,"Dragonfly in Amber: A Novel (Outlander) Mass Market Paperback – November 2, 1993",Diana Gabaldon,440215625,Voyager (Outlander Volume 3) (Paperback),Diana Gabaldon,5335997,0
17402,2850,2459,"Diana Gabaldon Outlander Series 8 Book Set (1- 8) Mass Market Paperback – Box set, 1995",Diana Gabaldon,,Voyager (Outlander Volume 3) (Paperback),Diana Gabaldon,5335997,0
17473,833,2471,"A Knight of the Seven Kingdoms (A Song of Ice and Fire) Hardcover – October 6, 2015",George R. R. Martin,345533488,"A Game of Thrones (A Song of Ice and Fire, Book 1) (Paperback)","Martin, George R. R.",7548230,0
17590,1713,2492,"Silence Fallen (A Mercy Thompson Novel) Mass Market Paperback – January 30, 2018",Patricia Briggs,425281280,Shifting Shadows : Stories from the World of Mercy Thompson,Patricia Briggs,5265019,0
17599,2924,2492,"Bone Crossed (Mercy Thompson, Book 4) Mass Market Paperback – January 26, 2010",Patricia Briggs,044101836X,Shifting Shadows : Stories from the World of Mercy Thompson,Patricia Briggs,5265019,0
17645,1307,2561,Romeo and Juliet (No Fear Shakespeare) Study Guide ed. Edition,William Shakespeare,1586638459,Romeo & Juliet,"Shakespeare, William",4234482,0
17731,462,2952,"The Graveyard Book Paperback – September 28, 2010",Neil Gaiman,60530944,The Graveyard Book 2,"Gaiman, Neil",2194841,0
17758,348,2988,"Neil Gaiman/Chris Riddell 3-Book Box Set: Coraline; The Graveyard Book; Fortunately, the Milk Paperback – September 8, 2015",Neil Gaiman,62379828,The Graveyard Book 1,"Gaiman, Neil",2194820,0
17760,462,2988,"The Graveyard Book Paperback – September 28, 2010",Neil Gaiman,60530944,The Graveyard Book 1,"Gaiman, Neil",2194820,0
